v8_maskedSemi_frame59.jpg,no
v8_maskedSemi_frame51.jpg,no
v10_maskedSemi_frame54.jpg,no
v4_maskedSemi_frame3.jpg,no
v10_maskedSemi_frame31.jpg,no
v8_maskedSemi_frame37.jpg,no
v7_maskedSemi_frame27.jpg,yes
v8_maskedSemi_frame10.jpg,no
v7_maskedSemi_frame38.jpg,yes
v8_maskedSemi_frame40.jpg,no
v7_maskedSemi_frame26.jpg,yes
v8_maskedSemi_frame62.jpg,no
v8_maskedSemi_frame47.jpg,no
v10_maskedSemi_frame21.jpg,no
v8_maskedSemi_frame25.jpg,no
v7_maskedSemi_frame34.jpg,yes
v10_maskedSemi_frame34.jpg,no
v10_maskedSemi_frame5.jpg,no
v10_maskedSemi_frame11.jpg,no
v3_maskedSemi_frame4.jpg,no
v4_maskedSemi_frame8.jpg,no
v8_maskedSemi_frame22.jpg,no
v7_maskedSemi_frame30.jpg,yes
v3_maskedSemi_frame28.jpg,no
v10_maskedSemi_frame37.jpg,no
v8_maskedSemi_frame46.jpg,no
v7_maskedSemi_frame46.jpg,yes
v7_maskedSemi_frame13.jpg,no
v7_maskedSemi_frame7.jpg,no
v8_maskedSemi_frame11.jpg,no
v10_maskedSemi_frame44.jpg,no
v7_maskedSemi_frame11.jpg,no
v8_maskedSemi_frame63.jpg,no
v10_maskedSemi_frame38.jpg,no
v10_maskedSemi_frame6.jpg,no
v8_maskedSemi_frame72.jpg,no
v10_maskedSemi_frame49.jpg,no
v3_maskedSemi_frame10.jpg,no
v8_maskedSemi_frame64.jpg,no
v10_maskedSemi_frame29.jpg,no
v10_maskedSemi_frame52.jpg,no
v3_maskedSemi_frame15.jpg,no
v3_maskedSemi_frame26.jpg,no
v4_maskedSemi_frame20.jpg,no
v10_maskedSemi_frame8.jpg,no
v10_maskedSemi_frame10.jpg,no
v8_maskedSemi_frame27.jpg,no
v8_maskedSemi_frame9.jpg,no
v10_maskedSemi_frame4.jpg,no
v7_maskedSemi_frame15.jpg,no
v7_maskedSemi_frame43.jpg,yes
v8_maskedSemi_frame43.jpg,no
v7_maskedSemi_frame36.jpg,yes
v7_maskedSemi_frame47.jpg,yes
v7_maskedSemi_frame44.jpg,yes
v8_maskedSemi_frame26.jpg,no
v10_maskedSemi_frame40.jpg,no
v3_maskedSemi_frame14.jpg,no
v4_maskedSemi_frame12.jpg,no
v10_maskedSemi_frame23.jpg,no
v4_maskedSemi_frame0.jpg,no
v8_maskedSemi_frame6.jpg,no
v10_maskedSemi_frame22.jpg,no
v8_maskedSemi_frame20.jpg,no
v10_maskedSemi_frame1.jpg,no
v7_maskedSemi_frame6.jpg,no
v4_maskedSemi_frame2.jpg,no
v10_maskedSemi_frame28.jpg,no
v8_maskedSemi_frame69.jpg,no
v8_maskedSemi_frame68.jpg,no
v7_maskedSemi_frame39.jpg,yes
v10_maskedSemi_frame2.jpg,no
v8_maskedSemi_frame29.jpg,no
v8_maskedSemi_frame39.jpg,no
v7_maskedSemi_frame28.jpg,yes
v8_maskedSemi_frame19.jpg,no
v4_maskedSemi_frame7.jpg,no
v7_maskedSemi_frame49.jpg,no
v4_maskedSemi_frame11.jpg,no
v8_maskedSemi_frame41.jpg,no
v8_maskedSemi_frame34.jpg,no
v4_maskedSemi_frame13.jpg,no
v10_maskedSemi_frame26.jpg,no
v8_maskedSemi_frame21.jpg,no
v8_maskedSemi_frame36.jpg,no
v4_maskedSemi_frame18.jpg,no
v7_maskedSemi_frame50.jpg,no
v10_maskedSemi_frame14.jpg,no
v7_maskedSemi_frame37.jpg,yes
v8_maskedSemi_frame42.jpg,no
v4_maskedSemi_frame14.jpg,no
v7_maskedSemi_frame33.jpg,yes
v7_maskedSemi_frame45.jpg,yes
v10_maskedSemi_frame30.jpg,no
v7_maskedSemi_frame25.jpg,yes
v7_maskedSemi_frame1.jpg,no
v8_maskedSemi_frame2.jpg,no
v7_maskedSemi_frame48.jpg,yes
v10_maskedSemi_frame15.jpg,no
v8_maskedSemi_frame60.jpg,no
v10_maskedSemi_frame53.jpg,no
v8_maskedSemi_frame23.jpg,no
v3_maskedSemi_frame5.jpg,no
v8_maskedSemi_frame58.jpg,no
v10_maskedSemi_frame35.jpg,no
v8_maskedSemi_frame17.jpg,no
v8_maskedSemi_frame33.jpg,no
v3_maskedSemi_frame0.jpg,no
v8_maskedSemi_frame32.jpg,no
v7_maskedSemi_frame14.jpg,no
v4_maskedSemi_frame5.jpg,no
v10_maskedSemi_frame32.jpg,no
v10_maskedSemi_frame41.jpg,no
v10_maskedSemi_frame46.jpg,no
v10_maskedSemi_frame17.jpg,no
v8_maskedSemi_frame5.jpg,no
